rank,ins,name,classes,efsa_adi,india_products,pct,tag
"1","330","Citric acid","antioxidant, sequestrant","","247","10.78","en:e330"
"2","322","Lecithins","antioxidant, emulsifier","","156","6.81","en:e322"
"3","500","Sodium carbonates","stabiliser, thickener","","147","6.42","en:e500"
"4","471","Mono- and diglycerides of fatty acids","emulsifier, stabiliser","","109","4.76","en:e471"
"5","500II","Sodium hydrogen carbonate","stabiliser, thickener","","99","4.32","en:e500ii"
"6","322I","Lecithin","antioxidant, emulsifier","","85","3.71","en:e322i"
"7","412","Guar gum","emulsifier, stabiliser, thickener","","81","3.54","en:e412"
"8","415","Xanthan gum","emulsifier, stabiliser, thickener","","80","3.49","en:e415"
"9","551","Silicon dioxide","carrier","","77","3.36","en:e551"
"10","627","Disodium guanylate","","","64","2.79","en:e627"
"11","503","Ammonium carbonates","","","64","2.79","en:e503"
"12","211","Sodium benzoate","preservative","5","63","2.75","en:e211"
"13","631","Disodium inosinate","","","62","2.71","en:e631"
"14","300","Ascorbic acid","antioxidant, sequestrant","","59","2.58","en:e300"
"15","260","Acetic acid","preservative","","56","2.44","en:e260"
"16","319","Tertiary-butylhydroquinone (tbhq)","antioxidant","","56","2.44","en:e319"
"17","202","Potassium sorbate","preservative","3","49","2.14","en:e202"
"18","296","Malic acid","","","49","2.14","en:e296"
"19","503II","Ammonium hydrogen carbonate","","","49","2.14","en:e503ii"
"20","150D","Sulphite ammonia caramel","colour","300","47","2.05","en:e150d"
"21","102","Tartrazine","colour","","47","2.05","en:e102"
"22","407","Carrageenan","carrier, emulsifier, humectant, stabiliser, thickener","75","46","2.01","en:e407"
"23","170","Calcium carbonates","","","45","1.96","en:e170"
"24","422","Glycerol","humectant, thickener","","45","1.96","en:e422"
"25","450","Diphosphates","emulsifier, humectant, sequestrant, stabiliser, thickener","","39","1.7","en:e450"
"26","440A","Pectin","emulsifier, stabiliser, thickener","","38","1.66","en:e440a"
"27","508","Potassium chloride","stabiliser, thickener, preservative","","35","1.53","en:e508"
"28","110","Sunset yellow FCF","colour","","34","1.48","en:e110"
"29","160C","Paprika extract","colour","","34","1.48","en:e160c"
"30","170I","Calcium carbonate","colour, stabiliser","","33","1.44","en:e170i"
"31","414","Acacia gum","carrier, emulsifier, stabiliser, thickener","","31","1.35","en:e414"
"32","501","Potassium carbonates","stabiliser","","30","1.31","en:e501"
"33","466","Sodium carboxy methyl cellulose","emulsifier, humectant, stabiliser, thickener","","30","1.31","en:e466"
"34","282","calcium propionate","preservative","","30","1.31","en:e282"
"35","150A","Plain caramel","colour","300","29","1.27","en:e150a"
"36","101","Riboflavin","colour","","29","1.27","en:e101"
"37","150","Caramel","","","28","1.22","en:e150"
"38","500I","Sodium carbonate","stabiliser, thickener","","28","1.22","en:e500i"
"39","955","Sucralose","sweetener","","28","1.22","en:e955"
"40","341","Calcium phosphates","emulsifier, humectant, sequestrant, stabiliser, thickener","","27","1.18","en:e341"
"41","320","Butylated hydroxyanisole (bha)","antioxidant","","27","1.18","en:e320"
"42","375","Nicotinic acid","","","25","1.09","en:e375"
"43","450I","Disodium diphosphate","emulsifier, humectant, sequestrant, stabiliser, thickener","","24","1.05","en:e450i"
"44","223","Sodium metabisulphite","antioxidant, preservative","0.7","23","1.0","en:e223"
"45","420","Sorbitol","humectant, sequestrant, stabiliser, sweetener, thickener","","23","1.0","en:e420"
"46","1442","Hydroxypropyl distarch phosphate","emulsifier, stabiliser, thickener","","21","0.92","en:e1442"
"47","410","Locust bean gum","emulsifier, stabiliser, thickener","","21","0.92","en:e410"
"48","331","Sodium citrates","emulsifier, sequestrant, stabiliser","","20","0.87","en:e331"
"49","133","Brilliant blue FCF","colour","","19","0.83","en:e133"
"50","122","Azorubine","colour","","19","0.83","en:e122"
"51","200","Sorbic acid","preservative","3","19","0.83","en:e200"
"52","476","Polyglycerol polyricinoleate","emulsifier","","19","0.83","en:e476"
"53","635","Disodium 5'-ribonucleotide","","","18","0.79","en:e635"
"54","451","Triphosphates","emulsifier, humectant, sequestrant, stabiliser, thickener","","18","0.79","en:e451"
"55","392","Extracts of rosemary","","","17","0.74","en:e392"
"56","452","Polyphosphates","emulsifier, humectant, sequestrant, stabiliser, thickener","","16","0.7","en:e452"
"57","340","Potassium phosphates","emulsifier, humectant, sequestrant, stabiliser, thickener","","16","0.7","en:e340"
"58","965","maltitol","emulsifier, humectant, stabiliser, sweetener, thickener","","16","0.7","en:e965"
"59","1100","Alpha-Amylase","","","15","0.65","en:e1100"
"60","472E","Mono- and diacetyltartaric acid esters of mono- and diglycerides of fatty acids","emulsifier, sequestrant, stabiliser","","14","0.61","en:e472e"
"61","950","Acesulfame k","sweetener","","14","0.61","en:e950"
"62","307B","concentrated tocopherol","antioxidant","","14","0.61","en:e307b"
"63","100","Curcumin","colour","","13","0.57","en:e100"
"64","334","L(+)-tartaric acid","antioxidant, sequestrant","","13","0.57","en:e334"
"65","501I","Potassium carbonate","stabiliser","","13","0.57","en:e501i"
"66","224","Potassium metabisulphite","antioxidant, preservative","0.7","13","0.57","en:e224"
"67","160A","carotene","colour","","13","0.57","en:e160a"
"68","1422","Acetylated distarch adipate","emulsifier, stabiliser, thickener","","13","0.57","en:e1422"
"69","339II","Disodium phosphate","emulsifier, humectant, preservative, sequestrant, stabiliser, thickener","","12","0.52","en:e339ii"
"70","477","Propane-1‚2-diol esters of fatty acids","emulsifier","","12","0.52","en:e477"
"71","490","Propylene glycol","","","12","0.52","en:e490"
"72","451I","Pentasodium triphosphate","emulsifier, humectant, sequestrant, stabiliser, thickener","","11","0.48","en:e451i"
"73","164","saffron","","","11","0.48","en:e164"
"74","900","Dimethylpolysiloxane and Methylphenylpolysiloxane","","","11","0.48","en:e900"
"75","339","Sodium phosphates","emulsifier, humectant, preservative, sequestrant, stabiliser, thickener","","11","0.48","en:e339"
"76","120","Cochineal","colour","","10","0.44","en:e120"
"77","960","Steviol glycosides","sweetener","4","10","0.44","en:e960"
"78","331III","Trisodium citrate","","","10","0.44","en:e331iii"
"79","621","Monosodium glutamate","flavour-enhancer","","9","0.39","en:e621"
"80","900A","Dimethyl polysiloxane","emulsifier","","9","0.39","en:e900a"
"81","160AI","Beta-carotene","colour","","9","0.39","en:e160ai"
"82","1450","Starch sodium octenyl succinate","emulsifier, stabiliser, thickener","","9","0.39","en:e1450"
"83","290","Carbon dioxide","preservative, propellent-gas","","9","0.39","en:e290"
"84","341III","Tricalcium phosphate","emulsifier, humectant, sequestrant, stabiliser, thickener","","9","0.39","en:e341iii"
"85","270","Lactic acid","","","9","0.39","en:e270"
"86","501II","Potassium hydrogen carbonate","stabiliser","","8","0.35","en:e501ii"
"87","460","Cellulose","carrier, emulsifier, humectant, stabiliser, thickener","","8","0.35","en:e460"
"88","141","Copper complexes of chlorophylls and chlorophyllins","colour","","7","0.31","en:e141"
"89","171","Titanium dioxide","colour","","7","0.31","en:e171"
"90","162","Beetroot red","colour","","7","0.31","en:e162"
"91","1400","Dextrin","carrier, emulsifier, stabiliser, thickener","","7","0.31","en:e1400"
"92","306","Tocopherol-rich extract","","","7","0.31","en:e306"
"93","1101","Protease","stabiliser","","7","0.31","en:e1101"
"94","951","Aspartame","sweetener","40","7","0.31","en:e951"
"95","341II","Dicalcium phosphate","emulsifier, humectant, sequestrant, stabiliser, thickener","","7","0.31","en:e341ii"
"96","385","Calcium disodium ethylenediaminetetraacetate","antioxidant, preservative, sequestrant","","7","0.31","en:e385"
"97","452I","Sodium polyphosphate","emulsifier, humectant, sequestrant, stabiliser, thickener","","7","0.31","en:e452i"
"98","160B","Annatto","colour","","7","0.31","en:e160b"
"99","129","Allura red","colour","","7","0.31","en:e129"
"100","418","Gellan gum","stabiliser, thickener","","7","0.31","en:e418"
"101","903","Carnauba wax","carrier","","6","0.26","en:e903"
"102","954","saccharin and its salts","sweetener","","6","0.26","en:e954"
"103","450III","Tetrasodium diphosphate","emulsifier, humectant, sequestrant, stabiliser, thickener","","6","0.26","en:e450iii"
"104","262","Sodium acetates","preservative, sequestrant","","6","0.26","en:e262"
"105","509","Calcium chloride","stabiliser, thickener, coagulant","","6","0.26","en:e509"
"106","518","Magnesium sulphate","","","6","0.26","en:e518"
"107","127","Erythrosine","colour","","6","0.26","en:e127"
"108","304","Fatty acid esters of ascorbic acid","antioxidant","","6","0.26","en:e304"
"109","234","Nisin","preservative","","5","0.22","en:e234"
"110","917","potassium iodate","","","5","0.22","en:e917"
"111","525","Potassium hydroxide","","","5","0.22","en:e525"
"112","481","Sodium stearoyl-2-lactylate","emulsifier, stabiliser","22","5","0.22","en:e481"
"113","435","Polyoxyethylene sorbitan monostearate","emulsifier, stabiliser","25","5","0.22","en:e435"
"114","339III","Trisodium phosphate","emulsifier, humectant, preservative, sequestrant, stabiliser, thickener","","5","0.22","en:e339iii"
"115","250","Sodium nitrite","preservative","","5","0.22","en:e250"
"116","460I","Microcrystalline cellulose","carrier, emulsifier, humectant, stabiliser, thickener","","5","0.22","en:e460i"
"117","428","Gelatine","","","4","0.17","en:e428"
"118","464","Hydroxypropyl methyl cellulose","emulsifier, stabiliser, thickener","","4","0.17","en:e464"
"119","530","Magnesium oxide","","","4","0.17","en:e530"
"120","570","Fatty acids","","","4","0.17","en:e570"
"121","510","ammonium chloride","","","4","0.17","en:e510"
"122","301","Sodium ascorbate","antioxidant","","4","0.17","en:e301"
"123","321","Butylated hydroxytoluene","antioxidant","","4","0.17","en:e321"
"124","327","calcium lactate","thickener","","4","0.17","en:e327"
"125","442","Ammonium phosphatides","emulsifier","","4","0.17","en:e442"
"126","931","Nitrogen","","","4","0.17","en:e931"
"127","553","Magnesium silicates","thickener","","3","0.13","en:e553"
"128","553B","Talc","thickener","","3","0.13","en:e553b"
"129","343II","Dimagnesium phosphate","stabiliser, thickener","","3","0.13","en:e343ii"
"130","343","Magnesium phosphates","stabiliser, thickener","","3","0.13","en:e343"
"131","161B","Lutein","colour","","3","0.13","en:e161b"
"132","262I","Sodium acetate","preservative, sequestrant","","3","0.13","en:e262i"
"133","417","Tara gum","stabiliser, thickener","","3","0.13","en:e417"
"134","143","Fast Green FCF","colour","","3","0.13","en:e143"
"135","307A","D-Alpha-tocopherol","antioxidant","","3","0.13","en:e307a"
"136","1104","lipase","","","3","0.13","en:e1104"
"137","1519","Benzyl alcohol","","","3","0.13","en:e1519"
"138","519","Copper sulphate","","","3","0.13","en:e519"
"139","281","Sodium propionate","preservative","","3","0.13","en:e281"
"140","210","Benzoic acid","preservative","5","3","0.13","en:e210"
"141","1420","Acetylated starch","emulsifier, stabiliser, thickener","","3","0.13","en:e1420"
"142","572","Magnesium stearate","","","3","0.13","en:e572"
"143","316","sodium erythorbate","antioxidant","6","3","0.13","en:e316"
"144","967","Xylitol","emulsifier, humectant, stabiliser, sweetener, thickener","","3","0.13","en:e967"
"145","420I","D-sorbitol","humectant, sequestrant, stabiliser, sweetener, thickener","","3","0.13","en:e420i"
"146","620","Glutamic acid","","","3","0.13","en:e620"
"147","436","Polyoxyethylene sorbitan tristearate","emulsifier, stabiliser","25","3","0.13","en:e436"
"148","304II","Ascorbyl stearate","antioxidant","","3","0.13","en:e304ii"
"149","340II","Dipotassium phosphate","emulsifier, humectant, sequestrant, stabiliser, thickener","","3","0.13","en:e340ii"
"150","433","Polyoxyethylene sorbitan monooleate","emulsifier, stabiliser","25","3","0.13","en:e433"
"151","140","Chlorophylls and Chlorophyllins","colour","","3","0.13","en:e140"
"152","536","Potassium ferrocyanide","","","3","0.13","en:e536"
"153","163","Anthocyanins","colour","","3","0.13","en:e163"
"154","338","Phosphoric acid","antioxidant, sequestrant","","3","0.13","en:e338"
"155","901","white and yellow beeswax","carrier, emulsifier, stabiliser, thickener","","2","0.09","en:e901"
"156","405","Propane-1‚2-diol alginate","carrier, emulsifier, stabiliser, thickener","","2","0.09","en:e405"
"157","219","Sodium methyl p-hydroxybenzoate","","","2","0.09","en:e219"
"158","461","methyl cellulose","emulsifier, stabiliser, thickener","","2","0.09","en:e461"
"159","1503","Castor oil","carrier, emulsifier","","2","0.09","en:e1503"
"160","161H","Zeaxanthin","colour","","2","0.09","en:e161h"
"161","550","Sodium silicate","","","2","0.09","en:e550"
"162","521","Aluminium sodium sulphate","","","2","0.09","en:e521"
"163","575","Glucono-delta-lactone","sequestrant","","2","0.09","en:e575"
"164","341I","Monocalcium phosphate","emulsifier, humectant, sequestrant, stabiliser, thickener","","2","0.09","en:e341i"
"165","503I","Ammonium carbonate","","","2","0.09","en:e503i"
"166","401","sodium alginate","carrier, emulsifier, humectant, sequestrant, stabiliser, thickener","","2","0.09","en:e401"
"167","1200","Polydextrose","humectant, stabiliser, thickener","","2","0.09","en:e1200"
"168","142","Green s","","","2","0.09","en:e142"
"169","124","Ponceau 4r","colour","","2","0.09","en:e124"
"170","475","Polyglycerol esters of fatty acids","emulsifier, stabiliser","","2","0.09","en:e475"
"171","160AIII","Beta-carotene from blakeslea trispora","colour","","2","0.09","en:e160aiii"
"172","968","Erythritol","humectant, sweetener","","2","0.09","en:e968"
"173","541","Sodium aluminium phosphate","emulsifier, stabiliser, thickener","","2","0.09","en:e541"
"174","123","Amaranth","colour","","2","0.09","en:e123"
"175","310","Propyl gallate","antioxidant","","2","0.09","en:e310"
"176","579","iron gluconate","","","2","0.09","en:e579"
"177","132","Indigotine","colour","5","2","0.09","en:e132"
"178","472","acid esters of mono- and diglycerides of fatty acids","","","2","0.09","en:e472"
"179","904","Shellac","","","2","0.09","en:e904"
"180","160E","Beta-apo-8′-carotenal (c30)","colour","","1","0.04","en:e160e"
"181","172","Iron oxides and iron hydroxides","colour","","1","0.04","en:e172"
"182","172II","Red iron oxide","colour","","1","0.04","en:e172ii"
"183","141II","Copper complexes of chlorophyllins","colour","","1","0.04","en:e141ii"
"184","552","Calcium silicate","","","1","0.04","en:e552"
"185","217","Sodium propyl para-hydroxybenzoate","","","1","0.04","en:e217"
"186","1204","Pullulan","thickener","","1","0.04","en:e1204"
"187","958","Glycyrrhizin","sweetener","","1","0.04","en:e958"
"188","458","Gamma-Cyclodextrine","stabiliser, thickener","","1","0.04","en:e458"
"189","487","sodium dodecyl sulfate","","","1","0.04","en:e487"
"190","559","Aluminium silicate","","","1","0.04","en:e559"
"191","280","Propionic acid","preservative","","1","0.04","en:e280"
"192","923","ammonium persulfate","","","1","0.04","en:e923"
"193","630","Inosinic acid","","","1","0.04","en:e630"
"194","629","Calcium guanylate","","","1","0.04","en:e629"
"195","221","Sodium sulphite","antioxidant, preservative","0.7","1","0.04","en:e221"
"196","905B","petroleum jelly","","","1","0.04","en:e905b"
"197","905","Synthetic wax","","","1","0.04","en:e905"
"198","641","Leucine","","","1","0.04","en:e641"
"199","337","Potassium sodium tartrate","sequestrant, stabiliser","","1","0.04","en:e337"
"200","511","Magnesium chloride","stabiliser, coagulant","","1","0.04","en:e511"
"201","160D","Lycopene","colour","","1","0.04","en:e160d"
"202","640","Glycine and its sodium salt","","","1","0.04","en:e640"
"203","1440","Hydroxypropyl starch","emulsifier, stabiliser, thickener","","1","0.04","en:e1440"
"204","450VII","Calcium dihydrogen diphosphate","emulsifier, humectant, sequestrant, stabiliser, thickener","","1","0.04","en:e450vii"
"205","470A","Sodium/potassium and calcium salts of fatty acids","emulsifier, stabiliser, thickener","","1","0.04","en:e470a"
"206","516","Calcium sulphate","sequestrant, stabiliser","","1","0.04","en:e516"
"207","1202","Polyvinylpolypyrrolidone","stabiliser","","1","0.04","en:e1202"
"208","1521","Polyethylene glycol","","","1","0.04","en:e1521"
"209","262II","Sodium diacetate","preservative, sequestrant","","1","0.04","en:e262ii"
"210","1401","Acid-treated modified starch","emulsifier, stabiliser, thickener","","1","0.04","en:e1401"
"211","421","Mannitol","humectant, stabiliser, sweetener, thickener","","1","0.04","en:e421"
"212","220","Sulphur dioxide","antioxidant, preservative","0.7","1","0.04","en:e220"
"213","222","Sodium bisulphite","antioxidant, preservative","0.7","1","0.04","en:e222"
"214","381","ferric ammonium citrate","","","1","0.04","en:e381"
"215","965II","Maltitol syrup","emulsifier, humectant, stabiliser, sweetener, thickener","","1","0.04","en:e965ii"
"216","965I","D-Maltitol","emulsifier, humectant, stabiliser, sweetener, thickener","","1","0.04","en:e965i"
"217","491","Sorbitan monostearate","emulsifier","26","1","0.04","en:e491"
"218","465","Ethyl methyl cellulose","emulsifier, stabiliser, thickener","","1","0.04","en:e465"
"219","103","Alkannin","","","1","0.04","en:e103"
"220","472C","Citric acid esters of mono- and diglycerides of fatty acids","antioxidant, emulsifier, sequestrant, stabiliser","","1","0.04","en:e472c"
"221","504","Magnesium carbonates","carrier","","1","0.04","en:e504"
"222","504I","Magnesium carbonate","carrier","","1","0.04","en:e504i"
"223","492","Sorbitan tristearate","emulsifier, stabiliser","","1","0.04","en:e492"
"224","420II","Sorbitol syrup","humectant, sequestrant, stabiliser, sweetener, thickener","","1","0.04","en:e420ii"
"225","329","Magnesium lactate","","","1","0.04","en:e329"
"226","406","Agar","carrier, emulsifier, humectant, stabiliser, thickener","","1","0.04","en:e406"
"227","450II","Trisodium diphosphate","emulsifier, humectant, sequestrant, stabiliser, thickener","","1","0.04","en:e450ii"
"228","541I","Acid sodium aluminium phosphate","emulsifier, stabiliser, thickener","","1","0.04","en:e541i"
"229","174","Silver","","","1","0.04","en:e174"
"230","1103","Invertase","stabiliser","","1","0.04","en:e1103"
"231","232","Sodium orthophenyl phenol","preservative","","1","0.04","en:e232"
"232","626","Guanylic acid","","","1","0.04","en:e626"
"233","524","Sodium hydroxide","","","1","0.04","en:e524"
"234","1510","Ethanol","","","1","0.04","en:e1510"
"235","252","Potassium nitrate","preservative","3.7","1","0.04","en:e252"
"236","201","Sodium sorbate","preservative","","1","0.04","en:e201"
"237","953","isomalt","stabiliser, sweetener, thickener","","1","0.04","en:e953"
"238","304I","Ascorbyl palmitate","antioxidant","","1","0.04","en:e304i"
"239","140I","Chlorophylls","colour","","1","0.04","en:e140i"
"240","212","Potassium benzoate","preservative","5","1","0.04","en:e212"
"241","331I","Monosodium citrate","emulsifier, sequestrant, stabiliser","","1","0.04","en:e331i"
"242","163C","Malvidin","colour","","1","0.04","en:e163c"
"243","407A","Processed eucheuma seaweed","carrier, emulsifier, humectant, stabiliser, thickener","75","1","0.04","en:e407a"
"244","1405","Enzyme treated starch","emulsifier, stabiliser, thickener","","1","0.04","en:e1405"
"245","473","Sucrose esters of fatty acids","emulsifier, stabiliser","40","1","0.04","en:e473"
"246","1412","Distarch phosphate","emulsifier, stabiliser, thickener","","1","0.04","en:e1412"
